{
	"texture_size": [32, 32],
	"textures": {
		"0": "stellarity:item/sandstorm_trident_held",
		"particle": "stellarity:item/sandstorm_trident_held"
	},
	"gui_light": "front",
	"elements": [
		{
			"name": "body",
			"from": [7.5, -16, 8],
			"to": [8.5, 9, 9],
			"rotation": {"angle": 0, "axis": "y", "origin": [8, -16, 8]},
			"faces": {
				"north": {"uv": [0.5, 3.5, 1, 16], "texture": "#0"},
				"east": {"uv": [0, 3.5, 0.5, 16], "texture": "#0"},
				"south": {"uv": [1.5, 3.5, 2, 16], "texture": "#0"},
				"west": {"uv": [1, 3.5, 1.5, 16], "texture": "#0"},
				"up": {"uv": [1, 3.5, 0.5, 3], "texture": "#0"},
				"down": {"uv": [1.5, 3, 1, 3.5], "texture": "#0"}
			}
		},
		{
			"name": "base",
			"from": [6.5, 9, 8],
			"to": [9.5, 11, 9],
			"rotation": {"angle": 0, "axis": "y", "origin": [8, -16, 8]},
			"faces": {
				"north": {"uv": [2.5, 0.5, 4, 1.5], "texture": "#0"},
				"east": {"uv": [2, 0.5, 2.5, 1.5], "texture": "#0"},
				"south": {"uv": [4.5, 0.5, 6, 1.5], "texture": "#0"},
				"west": {"uv": [4, 0.5, 4.5, 1.5], "texture": "#0"},
				"up": {"uv": [4, 0.5, 2.5, 0], "texture": "#0"},
				"down": {"uv": [5.5, 0, 4, 0.5], "texture": "#0"}
			}
		},
		{
			"name": "left_spike",
			"from": [9.5, 10, 8],
			"to": [10.5, 14, 9],
			"rotation": {"angle": 0, "axis": "y", "origin": [8, -16, 8]},
			"faces": {
				"north": {"uv": [2.5, 2, 3, 4], "texture": "#0"},
				"east": {"uv": [2, 2, 2.5, 4], "texture": "#0"},
				"south": {"uv": [3.5, 2, 4, 4], "texture": "#0"},
				"west": {"uv": [3, 2, 3.5, 4], "texture": "#0"},
				"up": {"uv": [3, 2, 2.5, 1.5], "texture": "#0"},
				"down": {"uv": [3.5, 1.5, 3, 2], "texture": "#0"}
			}
		},
		{
			"name": "middle_spike",
			"from": [7.5, 11, 8],
			"to": [8.5, 15, 9],
			"rotation": {"angle": 0, "axis": "y", "origin": [8, -16, 8]},
			"faces": {
				"north": {"uv": [0.5, 0.5, 1, 2.5], "texture": "#0"},
				"east": {"uv": [0, 0.5, 0.5, 2.5], "texture": "#0"},
				"south": {"uv": [1.5, 0.5, 2, 2.5], "texture": "#0"},
				"west": {"uv": [1, 0.5, 1.5, 2.5], "texture": "#0"},
				"up": {"uv": [1, 0.5, 0.5, 0], "texture": "#0"},
				"down": {"uv": [1.5, 0, 1, 0.5], "texture": "#0"}
			}
		},
		{
			"name": "right_spike",
			"from": [5.5, 10, 8],
			"to": [6.5, 14, 9],
			"rotation": {"angle": 0, "axis": "y", "origin": [8, -16, 8]},
			"faces": {
				"north": {"uv": [3, 2, 2.5, 4], "texture": "#0"},
				"east": {"uv": [3.5, 2, 3, 4], "texture": "#0"},
				"south": {"uv": [4, 2, 3.5, 4], "texture": "#0"},
				"west": {"uv": [2.5, 2, 2, 4], "texture": "#0"},
				"up": {"uv": [2.5, 2, 3, 1.5], "texture": "#0"},
				"down": {"uv": [3, 1.5, 3.5, 2], "texture": "#0"}
			}
		}
	]
}