{
	"entity.enderman.attack": {
		"sounds": [
			"stellarity:mob/enderman/attack_1",
			"stellarity:mob/enderman/attack_2",
			"stellarity:mob/enderman/attack_3"
		],
		"subtitle": "Enderman attacks"
	},
	"entity.endermite.attack": {
		"sounds": [
			"stellarity:mob/endermite/attack_1",
			"stellarity:mob/endermite/attack_2",
			"stellarity:mob/endermite/attack_3"
		],
		"subtitle": "Endermite attacks"
	},
	"effect.voided.activate": {
		"sounds": [
			{
				"name": "stellarity:effect/voided/activate_1",
				"attenuation_distance": 8
			},
			{
				"name": "stellarity:effect/voided/activate_2",
				"attenuation_distance": 8
			},
			{
				"name": "stellarity:effect/voided/activate_3",
				"attenuation_distance": 8
			},
			{
				"name": "stellarity:effect/voided/activate_4",
				"attenuation_distance": 8
			},
			{
				"name": "stellarity:effect/voided/activate_5",
				"attenuation_distance": 8
			}
		]
	},
	"effect.voided.deactivate": {
		"sounds": [
			{
				"name": "stellarity:effect/voided/deactivate_1",
				"attenuation_distance": 8
			},
			{
				"name": "stellarity:effect/voided/deactivate_2",
				"attenuation_distance": 8
			},
			{
				"name": "stellarity:effect/voided/deactivate_3",
				"attenuation_distance": 8
			},
			{
				"name": "stellarity:effect/voided/deactivate_4",
				"attenuation_distance": 8
			}
		]
	},
	"effect.voided.loop": {
		"sounds": [
			{
				"name": "stellarity:effect/voided/loop",
				"volume": 0.25
			}
		]
	},
	"item.starstruck_shield.spawn_star": {
		"sounds": [
			{
				"name": "stellarity:item/starstruck_shield/summon_star",
				"volume": 1
			}
		]
	},
	"item.living_flesh.boost": {
		"sounds": [
			"stellarity:item/living_flesh/rush_1",
			"stellarity:item/living_flesh/rush_2"
		],
		"subtitle": "Living Flesh hurts"
	},
	"item.cooldown_end": {
		"sounds": [
			"stellarity:item/cooldown_end"
		]
	},
	"item.spellbook_cast": {
		"sounds": [
			"stellarity:item/spellbook_cast"
		]
	},
	"item.kaleidoscope.ready": {
		"sounds": [
			"stellarity:item/kaleidoscope/ready_1",
			"stellarity:item/kaleidoscope/ready_2",
			"stellarity:item/kaleidoscope/ready_3",
			"stellarity:item/kaleidoscope/ready_4",
			"stellarity:item/kaleidoscope/ready_5"
		],
		"subtitle": "Kaleidoscope charges"
	},
	"item.kaleidoscope.level_1": {
		"sounds": [
			"stellarity:item/kaleidoscope/level_1_1",
			"stellarity:item/kaleidoscope/level_1_2",
			"stellarity:item/kaleidoscope/level_1_3"
		]
	},
	"item.kaleidoscope.level_2": {
		"sounds": [
			"stellarity:item/kaleidoscope/level_2_1",
			"stellarity:item/kaleidoscope/level_2_2",
			"stellarity:item/kaleidoscope/level_2_3"
		]
	},
	"item.kaleidoscope.level_3": {
		"sounds": [
			"stellarity:item/kaleidoscope/level_3_1",
			"stellarity:item/kaleidoscope/level_3_2",
			"stellarity:item/kaleidoscope/level_3_3"
		]
	},
	"item.stellar_striker.thorn_apart": {
		"sounds": [
			"stellarity:item/stellar_striker/thorn_apart"
		]
	},
	"item.dragonblade.pre_punch": {
		"sounds": [
			"stellarity:item/dragonblade/kaliyah_prepare"
		]
	},
	"item.dragonblade.punch": {
		"sounds": [
			"stellarity:item/dragonblade/kaliyah_punch"
		]
	},
	"item.dragonblade.damage": {
		"sounds": [
			"stellarity:item/dragonblade/punch_damage_1",
			"stellarity:item/dragonblade/punch_damage_2",
			"stellarity:item/dragonblade/punch_damage_3"
		]
	},
	"item.dragonblade.damage_wall": {
		"sounds": [
			"stellarity:item/dragonblade/punch_damage_wall_1",
			"stellarity:item/dragonblade/punch_damage_wall_2",
			"stellarity:item/dragonblade/punch_damage_wall_3"
		]
	},
	"item.dragonblade.drop": {
		"sounds": [
			"stellarity:item/dragonblade/drop"
		]
	},
	"item.dragonblade.prepare_punch": {
		"sounds": [
			"stellarity:item/dragonblade/prepare_1",
			"stellarity:item/dragonblade/prepare_2",
			"stellarity:item/dragonblade/prepare_3"
		]
	},
	"item.tamaris.execute": {
		"sounds": [
			"stellarity:item/tamaris/execute"
		],
		"subtitle": "subtitles.entity.player.teleport"
	},
	"item.tamaris.execute_special": {
		"sounds": [
			"stellarity:item/tamaris/execute_special"
		],
		"subtitle": "subtitles.entity.player.teleport"
	},
	"item.tamaris.chime": {
		"sounds": [
			"stellarity:item/tamaris/chime"
		],
		"subtitle": "subtitles.entity.player.teleport"
	},
	"item.tamaris.execute_bg": {
		"sounds": [
			"stellarity:item/tamaris/execute_bg"
		]
	},
	"item.tamaris.rave": {
		"sounds": [
			"stellarity:item/tamaris/dance"
		]
	},
	"item.spirit_dagger.charge": {
		"sounds": [
			"stellarity:item/spirit_dagger/prepare_teleport_1",
			"stellarity:item/spirit_dagger/prepare_teleport_2",
			"stellarity:item/spirit_dagger/prepare_teleport_3"
		]
	},
	"item.spirit_dagger.teleport": {
		"sounds": [
			"stellarity:item/spirit_dagger/teleport_1",
			"stellarity:item/spirit_dagger/teleport_2",
			"stellarity:item/spirit_dagger/teleport_3"
		],
		"subtitle": "subtitles.entity.player.teleport"
	},
	"item.spirit_dagger.charge_kohara": {
		"sounds": [
			"stellarity:item/spirit_dagger/kohy_prepare_teleport_1",
			"stellarity:item/spirit_dagger/kohy_prepare_teleport_2",
			"stellarity:item/spirit_dagger/kohy_prepare_teleport_3"
		]
	},
	"item.spirit_dagger.slash_kohara": {
		"sounds": [
			"stellarity:item/spirit_dagger/kohy_teleport_1",
			"stellarity:item/spirit_dagger/kohy_teleport_2",
			"stellarity:item/spirit_dagger/kohy_teleport_3"
		],
		"subtitle": "subtitles.entity.player.teleport"
	},
	"item.spirit_dagger.equip_beginning": {
		"sounds": [
			"stellarity:item/spirit_dagger/equip_beginning"
		]
	},
	"item.spirit_dagger.equip_end": {
		"sounds": [
			"stellarity:item/spirit_dagger/equip_end"
		]
	},
	"item.harvester.gain_damage": {
		"sounds": [
			"stellarity:item/harvester/increase_damage_1",
			"stellarity:item/harvester/increase_damage_2"
		]
	},
	"item.harvester.unlock_ability": {
		"sounds": [
			"stellarity:item/harvester/unlock_ability"
		]
	},
	"item.prismatic_punch.shoot": {
		"sounds": [
			"stellarity:item/prismatic_punch/shoot_1",
			"stellarity:item/prismatic_punch/shoot_2",
			"stellarity:item/prismatic_punch/shoot_3"
		],
		"subtitle": "subtitles.item.crossbow.shoot"
	},
	"item.prismatic_punch.explode": {
		"sounds": [
			"stellarity:item/prismatic_punch/explode_1",
			"stellarity:item/prismatic_punch/explode_2",
			"stellarity:item/prismatic_punch/explode_3",
			"stellarity:item/prismatic_punch/explode_4"
		],
		"subtitle": "subtitles.entity.generic.explode"
	},
	"item.spectral_fury.shoot": {
		"sounds": [
			"stellarity:item/spectral_fury/shoot_1",
			"stellarity:item/spectral_fury/shoot_2",
			"stellarity:item/spectral_fury/shoot_3"
		],
		"subtitle": "subtitles.item.bow.shoot"
	},
	"item.starless_scythe.swing": {
		"sounds": [
			"stellarity:item/starless_scythe/swing_1",
			"stellarity:item/starless_scythe/swing_2",
			"stellarity:item/starless_scythe/swing_3",
			"stellarity:item/starless_scythe/swing_4"
		],
		"subtitle": "subtitles.entity.player.attack.sweep"
	},
	"block.end_portal.create": {
		"sounds": [
			"stellarity:block/end_portal/create"
		]
	},
	"block.end_portal.open": {
		"sounds": [
			"stellarity:block/end_portal/open"
		]
	},
	"block.end_portal.travel": {
		"sounds": [
			"stellarity:block/end_portal/travel"
		]
	},
	"block.end_portal_frame.fill": {
		"sounds": [
			"block/end_portal/eyeplace1",
			"block/end_portal/eyeplace2",
			"block/end_portal/eyeplace3"
		],
		"subtitle": "subtitles.block.end_portal_frame.fill"
	},
	"block.altar_of_light.bless": {
		"sounds": [
			"stellarity:block/altar_of_light/blood_sacrifice"
		]
	},
	"enchantment.ambush.level_1": {
		"sounds": [
			"stellarity:enchantment/ambush/ambush_1_1",
			"stellarity:enchantment/ambush/ambush_1_2",
			"stellarity:enchantment/ambush/ambush_1_3"
		]
	},
	"enchantment.ambush.level_2": {
		"sounds": [
			"stellarity:enchantment/ambush/ambush_2_1",
			"stellarity:enchantment/ambush/ambush_2_2",
			"stellarity:enchantment/ambush/ambush_2_3"
		]
	},
	"enchantment.ambush.level_3": {
		"sounds": [
			"stellarity:enchantment/ambush/ambush_3_1",
			"stellarity:enchantment/ambush/ambush_3_2",
			"stellarity:enchantment/ambush/ambush_3_3"
		]
	},
	"enchantment.critical_strike.crit": {
		"sounds": [
			"stellarity:enchantment/critical_strike/critical_hit_1",
			"stellarity:enchantment/critical_strike/critical_hit_2"
		]
	},
	"item.endonomicon.open": {
		"sounds": [
			"stellarity:item/endonomicon/open"
		]
	},
	"item.endonomicon.flip": {
		"sounds": [
			"stellarity:item/endonomicon/flip"
		]
	}
}
